0,standing
1,standing
2,standing
3,standing
4,standing
5,standing
6,standing
7,standing
8,standing
9,standing
10,standing
11,standing
12,standing
13,standing
14,standing
15,standing
16,standing
17,standing
18,standing
19,standing
20,standing
21,standing
22,standing
23,standing
24,standing
25,standing
26,standing
27,standing
28,standing
29,standing
30,standing
31,standing
32,standing
33,standing
34,standing
35,standing
36,standing
37,standing
38,standing
39,standing
40,standing
41,standing
42,standing
43,standing
44,standing
45,standing
46,standing
47,standing
48,standing
49,standing
50,standing
51,standing
52,standing
53,standing
54,standing
55,standing
56,standing
57,standing
58,standing
59,standing
60,standing
61,standing
62,standing
63,standing
64,standing
65,standing
66,standing
67,standing
68,standing
69,standing
70,walking
71,walking
72,walking
73,walking
74,walking
75,walking
76,walking
77,walking
78,walking
79,walking
80,walking
81,walking
82,walking
83,walking
84,walking
85,walking
86,walking
87,walking
88,walking
89,walking
90,walking
91,walking
92,walking
93,walking
94,walking
95,walking
96,walking
97,walking
98,walking
99,walking
100,walking
101,walking
102,walking
103,walking
104,walking
105,walking
106,walking
107,walking
108,walking
109,walking
110,walking
111,walking
112,walking
113,walking
114,walking
115,walking
116,walking
117,walking
118,walking
119,walking
120,walking
121,walking
122,walking
123,walking
124,walking
125,walking
126,walking
127,walking
128,walking
129,walking
130,walking
131,walking
132,walking
133,walking
134,walking
135,walking
136,walking
137,walking
138,walking
139,walking
140,walking
141,walking
142,walking
143,walking
144,walking
145,walking
146,walking
147,walking
148,walking
149,walking
150,walking
151,walking
152,walking
153,walking
154,walking
155,walking
156,walking
157,walking
158,walking
159,walking
160,walking
161,walking
162,walking
163,walking
164,walking
165,walking
166,walking
167,walking
168,walking
169,walking
170,walking
171,walking
172,walking
173,walking
174,walking
175,walking
176,walking
177,walking
178,walking
179,walking
180,walking
181,walking
182,walking
183,walking
184,walking
185,walking
186,walking
187,walking
188,walking
189,walking
190,walking
191,walking
192,walking
193,walking
194,walking
195,walking
196,walking
197,walking
198,walking
199,walking
200,walking
201,walking
202,walking
203,walking
204,walking
205,walking
206,walking
207,walking
208,walking
209,walking
210,walking
211,walking
212,walking
213,walking
214,walking
215,walking
216,walking
217,walking
218,walking
219,walking
220,walking
221,walking
222,walking
223,walking
224,walking
225,walking
226,walking
227,walking
228,walking
229,walking
230,walking
231,walking
232,walking
233,walking
234,walking
235,walking
236,walking
237,walking
238,walking
239,walking
240,walking
241,walking
242,walking
243,walking
244,walking
245,walking
246,walking
247,walking
248,walking
249,walking
250,walking
251,walking
252,walking
253,walking
254,walking
255,walking
256,walking
257,walking
258,walking
259,walking
260,walking
261,walking
262,walking
263,walking
264,walking
265,walking
266,walking
267,walking
268,walking
269,walking
270,walking
271,walking
272,walking
273,walking
274,walking
275,walking
276,walking
277,walking
278,walking
279,walking
280,walking
281,walking
282,walking
283,walking
284,walking
285,walking
286,walking
287,walking
288,walking
289,walking
290,walking
291,walking
292,walking
293,walking
294,walking
295,walking
296,walking
297,walking
298,walking
299,walking
300,walking
301,walking
302,walking
303,walking
304,walking
305,walking
306,walking
307,walking
308,walking
309,walking
310,walking
311,walking
312,walking
313,walking
314,walking
315,walking
316,walking
317,walking
318,walking
319,walking
320,walking
321,walking
322,walking
323,walking
324,walking
325,walking
326,walking
327,walking
328,walking
329,walking
330,walking
331,walking
332,walking
333,walking
334,walking
335,walking
336,walking
337,walking
338,walking
339,walking
340,walking
341,walking
342,walking
343,walking
344,walking
345,walking
346,walking
347,walking
348,walking
349,walking
350,walking
351,walking
352,walking
353,walking
354,walking
355,walking
356,walking
357,walking
358,walking
359,walking
360,walking
361,walking
362,walking
363,walking
364,walking
365,walking
366,walking
367,walking
368,walking
369,walking
370,walking
371,walking
372,walking
373,walking
374,walking
375,walking
376,walking
377,walking
378,walking
379,walking
380,walking
381,walking
382,walking
383,walking
384,walking
385,walking
386,walking
387,walking
388,walking
389,walking
390,walking
391,walking
392,walking
393,walking
394,walking
395,walking
396,walking
397,walking
398,walking
399,walking
400,walking
401,walking
402,walking
403,walking
404,walking
405,walking
406,walking
407,walking
408,walking
409,walking
410,walking
411,walking
412,walking
413,walking
414,walking
415,walking
416,walking
417,walking
418,walking
419,walking
420,walking
421,walking
422,walking
423,walking
424,walking
425,walking
426,walking
427,walking
428,walking
429,walking
430,walking
431,walking
432,walking
433,walking
434,walking
435,walking
436,walking
437,walking
438,walking
439,walking
440,walking
441,walking
442,walking
443,walking
444,walking
445,walking
446,walking
447,walking
448,walking
449,walking
450,walking
451,walking
452,walking
453,walking
454,walking
455,walking
456,walking
457,walking
458,walking
459,walking
460,walking
461,walking
462,walking
463,walking
464,walking
465,walking
466,walking
467,walking
468,walking
469,walking
470,walking
471,walking
472,walking
473,walking
474,walking
475,walking
476,walking
477,walking
478,walking
479,walking
480,walking
481,walking
482,walking
483,walking
484,walking
485,walking
486,walking
487,walking
488,walking
489,walking
490,walking
491,walking
492,walking
493,walking
494,walking
495,walking
496,walking
497,walking
498,walking
499,walking
500,walking
501,walking
502,walking
503,walking
504,walking
505,walking
506,walking
507,walking
508,walking
509,walking
510,walking
511,walking
512,walking
513,walking
514,walking
515,walking
516,walking
517,walking
518,walking
519,walking
520,walking
521,walking
522,walking
523,walking
524,walking
525,walking
526,walking
527,walking
528,walking
529,walking
530,walking
531,walking
532,walking
533,walking
534,walking
535,walking
536,walking
537,walking
538,walking
539,walking
540,walking
541,walking
542,walking
543,walking
544,walking
545,walking
546,walking
547,walking
548,walking
549,walking
550,walking
551,walking
552,walking
553,walking
554,walking
555,walking
556,walking
557,walking
558,walking
559,walking
560,walking
561,walking
562,walking
563,walking
564,walking
565,walking
566,walking
567,walking
568,walking
569,walking
570,walking
571,walking
572,walking
573,walking
574,walking
575,walking
576,walking
577,walking
578,walking
579,walking
580,walking
581,walking
582,walking
583,walking
584,walking
585,walking
586,walking
587,walking
588,walking
589,walking
590,walking
591,walking
592,walking
593,walking
594,walking
595,walking
596,walking
597,walking
598,walking
599,walking
600,walking
601,walking
602,walking
603,walking
604,walking
605,walking
606,walking
607,walking
608,walking
609,walking
610,walking
611,walking
612,walking
613,walking
614,walking
615,walking
616,walking
617,walking
618,walking
619,walking
620,walking
621,walking
622,walking
623,walking
624,walking
625,walking
626,walking
627,walking
628,walking
629,walking
630,walking
631,walking
632,walking
633,walking
634,walking
635,walking
636,walking
637,walking
638,walking
639,walking
640,walking
641,walking
642,walking
643,walking
644,walking
645,walking
646,walking
647,walking
648,walking
649,walking
650,walking
651,walking
652,walking
653,walking
654,walking
655,walking
656,walking
657,walking
658,walking
659,walking
660,walking
661,walking
662,walking
663,walking
664,walking
665,walking
666,walking
667,walking
668,walking
669,walking
670,walking
671,walking
672,walking
673,walking
674,walking
675,walking
676,walking
677,walking
678,walking
679,walking
680,walking
681,walking
682,walking
683,walking
684,walking
685,walking
686,walking
687,walking
688,walking
689,walking
690,walking
691,walking
692,walking
693,walking
694,walking
695,walking
696,walking
697,walking
698,walking
699,walking
700,walking
701,walking
702,walking
703,walking
704,walking
705,walking
706,walking
707,walking
708,walking
709,walking
710,walking
711,walking
712,walking
713,walking
714,walking
715,walking
716,walking
717,walking
718,walking
719,walking
720,walking
721,walking
722,walking
723,walking
724,walking
725,walking
726,walking
727,walking
728,walking
729,walking
730,walking
731,walking
732,walking
733,walking
734,walking
735,walking
736,walking
737,walking
738,walking
739,walking
740,walking
741,walking
742,walking
743,walking
744,walking
745,walking
746,walking
747,walking
748,walking
749,walking
750,walking
751,walking
752,walking
753,walking
754,walking
755,walking
756,walking
757,walking
758,walking
759,walking
760,walking
761,walking
762,walking
763,walking
764,walking
765,walking
766,walking
767,walking
768,walking
769,walking
770,walking
771,walking
772,walking
773,walking
774,walking
775,walking
776,walking
777,walking
778,walking
779,walking
780,walking
781,walking
782,walking
783,walking
784,walking
785,walking
786,walking
787,walking
788,walking
789,walking
790,walking
791,walking
792,walking
793,walking
794,walking
795,walking
796,walking
797,walking
798,walking
799,walking
800,walking
801,walking
802,walking
803,walking
804,walking
805,walking
806,walking
807,walking
808,walking
809,walking
810,walking
811,walking
812,walking
813,walking
814,walking
815,walking
816,walking
817,walking
818,walking
819,walking
820,walking
821,walking
822,walking
823,walking
824,walking
825,walking
826,walking
827,walking
828,walking
829,walking
830,walking
831,walking
832,walking
833,walking
834,walking
835,walking
836,walking
837,walking
838,walking
839,walking
840,walking
841,walking
842,walking
843,walking
844,walking
845,walking
846,walking
847,walking
848,walking
849,walking
850,walking
851,walking
852,walking
853,walking
854,walking
855,walking
856,walking
857,walking
858,walking
859,walking
860,walking
861,walking
862,walking
863,walking
864,walking
865,walking
866,walking
867,walking
868,walking
869,walking
870,walking
871,walking
872,walking
873,walking
874,walking
875,walking
876,walking
877,walking
878,walking
879,walking
880,walking
881,walking
882,walking
883,walking
884,walking
885,walking
886,walking
887,walking
888,walking
889,walking
890,walking
891,walking
892,walking
893,walking
894,walking
895,walking
896,walking
897,walking
898,walking
899,walking
900,walking
901,walking
902,walking
903,walking
904,walking
905,walking
906,walking
907,walking
908,walking
909,walking
910,walking
911,walking
912,walking
913,walking
914,walking
915,walking
916,walking
917,walking
918,walking
919,walking
920,standing
921,standing
922,standing
923,standing
924,standing
925,standing
926,standing
927,standing
928,standing
929,standing
930,standing
931,standing
932,standing
933,standing
934,standing
935,standing
936,standing
937,standing
938,standing
939,standing
940,standing
941,standing
942,standing
943,standing
944,standing
945,standing
946,standing
947,standing
948,standing
949,standing
950,standing
951,standing
952,standing
953,standing
954,standing
955,standing
956,standing
957,standing
958,standing
959,standing
960,standing
961,standing
962,standing
963,standing
964,standing
965,standing
966,standing
967,standing
968,standing
969,standing
970,standing
971,standing
972,standing
973,standing
974,standing
975,standing
976,standing
977,standing
978,standing
979,standing
980,standing
981,standing
982,standing
983,standing
984,standing
985,standing
986,standing
987,standing
988,standing
989,standing
990,standing
991,standing
992,standing
993,standing
994,standing
995,standing
996,standing
997,standing
998,standing
999,standing
1000,standing
1001,standing
1002,standing
1003,standing
1004,standing
1005,standing
1006,standing
1007,standing
1008,standing
1009,standing
1010,standing
1011,standing
1012,standing
1013,standing
1014,standing
1015,standing
1016,standing
1017,standing
1018,standing
1019,standing
1020,standing
1021,standing
1022,standing
1023,standing
1024,standing
1025,standing
1026,standing
1027,standing
1028,standing
1029,standing
1030,standing
1031,standing
1032,standing
1033,standing
1034,standing
1035,standing
1036,standing
1037,standing
1038,standing
1039,standing
1040,standing
1041,standing
1042,standing
1043,standing
1044,standing
1045,standing
1046,standing
1047,standing
1048,standing
1049,standing
1050,standing
1051,standing
1052,standing
1053,standing
1054,standing
1055,standing
1056,standing
1057,standing
1058,standing
1059,standing
1060,standing
1061,standing
1062,standing
1063,standing
1064,standing
1065,standing
1066,standing
1067,standing
1068,standing
1069,standing
1070,standing
1071,standing
1072,standing
1073,standing
1074,standing
1075,standing
1076,standing
1077,standing
1078,standing
1079,standing
1080,standing
1081,standing
1082,standing
1083,standing
1084,standing
1085,standing
1086,standing
1087,standing
1088,standing
1089,standing
1090,standing
1091,standing
1092,standing
1093,standing
1094,standing
1095,standing
1096,standing
1097,standing
1098,standing
1099,standing
1100,standing
1101,standing
1102,standing
1103,standing
1104,standing
1105,standing
1106,standing
1107,standing
1108,standing
1109,standing
1110,standing
1111,standing
1112,standing
1113,standing
1114,standing
1115,standing
1116,standing
1117,standing
1118,standing
1119,standing
1120,standing
1121,standing
1122,standing
1123,standing
1124,standing
1125,standing
1126,standing
1127,standing
1128,standing
1129,standing
1130,standing
1131,standing
1132,standing
1133,standing
1134,standing
1135,standing
1136,standing
1137,standing
1138,standing
1139,standing
1140,standing
1141,standing
1142,standing
1143,standing
1144,standing
1145,standing
1146,standing
1147,standing
1148,standing
1149,standing
1150,standing
1151,standing
1152,standing
1153,standing
1154,standing
1155,standing
1156,standing
1157,standing
1158,standing
1159,standing
1160,standing
1161,standing
1162,standing
1163,standing
1164,standing
1165,standing
1166,standing
1167,standing
1168,standing
1169,standing
1170,standing
1171,standing
1172,standing
1173,standing
1174,standing
1175,standing
1176,standing
1177,standing
1178,standing
1179,standing
1180,walking
1181,walking
1182,walking
1183,walking
1184,walking
1185,walking
1186,walking
1187,walking
1188,walking
1189,walking
1190,walking
1191,walking
1192,walking
1193,walking
1194,walking
1195,walking
1196,walking
1197,walking
1198,walking
1199,walking
1200,walking
1201,walking
1202,walking
1203,walking
1204,walking
1205,walking
1206,walking
1207,walking
1208,walking
1209,walking
1210,walking
1211,walking
1212,walking
1213,walking
1214,walking
1215,walking
1216,walking
1217,walking
1218,walking
1219,walking
1220,walking
1221,walking
1222,walking
1223,walking
1224,walking
1225,walking
1226,walking
1227,walking
1228,walking
1229,walking
1230,walking
1231,walking
1232,walking
1233,walking
1234,walking
1235,walking
1236,walking
1237,walking
1238,walking
1239,walking
1240,walking
1241,walking
1242,walking
1243,walking
1244,walking
1245,walking
1246,walking
1247,walking
1248,walking
1249,walking
1250,walking
1251,walking
1252,walking
1253,walking
1254,walking
1255,walking
1256,walking
1257,walking
1258,walking
1259,walking
1260,walking
1261,walking
1262,walking
1263,walking
1264,walking
1265,walking
1266,walking
1267,walking
1268,walking
1269,walking
1270,walking
1271,walking
1272,walking
1273,walking
1274,walking
1275,walking
1276,walking
1277,walking
1278,walking
1279,walking
1280,walking
1281,walking
1282,walking
1283,walking
1284,walking
1285,walking
1286,walking
1287,walking
1288,walking
1289,walking
1290,walking
1291,walking
1292,walking
1293,walking
1294,walking
1295,walking
1296,walking
1297,walking
1298,walking
1299,walking
1300,walking
1301,walking
1302,walking
1303,walking
1304,walking
1305,walking
1306,walking
1307,walking
1308,walking
1309,walking
1310,walking
1311,walking
1312,walking
1313,walking
1314,walking
1315,walking
1316,walking
1317,walking
1318,walking
1319,walking
1320,walking
1321,walking
1322,walking
1323,walking
1324,walking
1325,walking
1326,walking
1327,walking
1328,walking
1329,walking
1330,walking
1331,walking
1332,walking
1333,walking
1334,walking
1335,walking
1336,walking
1337,walking
1338,walking
1339,walking
1340,walking
1341,walking
1342,walking
1343,walking
1344,walking
1345,walking
1346,walking
1347,walking
1348,walking
1349,walking
1350,walking
1351,walking
1352,walking
1353,walking
1354,walking
1355,get_down
1356,get_down
1357,get_down
1358,get_down
1359,get_down
1360,get_down
1361,get_down
1362,get_down
1363,get_down
1364,get_down
1365,get_down
1366,get_down
1367,get_down
1368,get_down
1369,get_down
1370,get_down
1371,get_down
1372,get_down
1373,get_down
1374,get_down
1375,get_down
1376,get_down
1377,get_down
1378,get_down
1379,get_down
1380,get_down
1381,get_down
1382,get_down
1383,get_down
1384,get_down
1385,get_down
1386,get_down
1387,get_down
1388,get_down
1389,get_down
1390,get_down
1391,get_down
1392,get_down
1393,get_down
1394,get_down
1395,get_down
1396,get_down
1397,get_down
1398,get_down
1399,get_down
1400,get_down
1401,get_down
1402,get_down
1403,get_down
1404,get_down
1405,get_down
1406,get_down
1407,get_down
1408,get_down
1409,get_down
1410,get_down
1411,get_down
1412,get_down
1413,get_down
1414,get_down
1415,get_down
1416,get_down
1417,get_down
1418,get_down
1419,get_down
1420,get_down
1421,get_down
1422,get_down
1423,get_down
1424,get_down
1425,get_down
1426,get_down
1427,get_down
1428,get_down
1429,get_down
1430,sitting
1431,sitting
1432,sitting
1433,sitting
1434,sitting
1435,sitting
1436,sitting
1437,sitting
1438,sitting
1439,sitting
1440,sitting
1441,sitting
1442,sitting
1443,sitting
1444,sitting
1445,sitting
1446,sitting
1447,sitting
1448,sitting
1449,sitting
1450,sitting
1451,sitting
1452,sitting
1453,sitting
1454,sitting
1455,sitting
1456,sitting
1457,sitting
1458,sitting
1459,sitting
1460,sitting
1461,sitting
1462,sitting
1463,sitting
1464,sitting
1465,sitting
1466,sitting
1467,sitting
1468,sitting
1469,sitting
1470,sitting
1471,sitting
1472,sitting
1473,sitting
1474,sitting
1475,sitting
1476,sitting
1477,sitting
1478,sitting
1479,sitting
1480,sitting
1481,sitting
1482,sitting
1483,sitting
1484,sitting
1485,sitting
1486,sitting
1487,sitting
1488,sitting
1489,sitting
1490,sitting
1491,sitting
1492,sitting
1493,sitting
1494,sitting
1495,sitting
1496,sitting
1497,sitting
1498,sitting
1499,sitting
1500,sitting
1501,sitting
1502,sitting
1503,sitting
1504,sitting
1505,sitting
1506,sitting
1507,sitting
1508,sitting
1509,sitting
1510,sitting
1511,sitting
1512,sitting
1513,sitting
1514,sitting
1515,sitting
1516,sitting
1517,sitting
1518,sitting
1519,sitting
1520,sitting
1521,sitting
1522,sitting
1523,sitting
1524,sitting
1525,sitting
1526,sitting
1527,sitting
1528,sitting
1529,sitting
1530,sitting
1531,sitting
1532,sitting
1533,sitting
1534,sitting
1535,sitting
1536,sitting
1537,sitting
1538,sitting
1539,sitting
1540,sitting
1541,sitting
1542,sitting
1543,sitting
1544,sitting
1545,sitting
1546,sitting
1547,sitting
1548,sitting
1549,sitting
1550,sitting
1551,sitting
1552,sitting
1553,sitting
1554,sitting
1555,sitting
1556,sitting
1557,sitting
1558,sitting
1559,sitting
1560,sitting
1561,sitting
1562,sitting
1563,sitting
1564,sitting
1565,sitting
1566,sitting
1567,sitting
1568,sitting
1569,sitting
1570,sitting
1571,sitting
1572,sitting
1573,sitting
1574,sitting
1575,sitting
1576,sitting
1577,sitting
1578,sitting
1579,sitting
1580,sitting
1581,sitting
1582,sitting
1583,sitting
1584,sitting
1585,sitting
1586,sitting
1587,sitting
1588,sitting
1589,sitting
1590,sitting
1591,sitting
1592,sitting
1593,sitting
1594,sitting
1595,sitting
1596,sitting
1597,sitting
1598,sitting
1599,sitting
1600,sitting
1601,sitting
1602,sitting
1603,sitting
1604,sitting
1605,sitting
1606,sitting
1607,sitting
1608,sitting
1609,sitting
1610,sitting
1611,sitting
1612,sitting
1613,sitting
1614,sitting
1615,sitting
1616,sitting
1617,sitting
1618,sitting
1619,sitting
1620,sitting
1621,sitting
1622,sitting
1623,sitting
1624,sitting
1625,sitting
1626,sitting
1627,sitting
1628,sitting
1629,sitting
1630,sitting
1631,sitting
1632,sitting
1633,sitting
1634,sitting
1635,sitting
1636,sitting
1637,sitting
1638,sitting
1639,sitting
1640,sitting
1641,sitting
1642,sitting
1643,sitting
1644,sitting
1645,sitting
1646,sitting
1647,sitting
1648,sitting
1649,sitting
1650,sitting
1651,sitting
1652,sitting
1653,sitting
1654,sitting
1655,sitting
1656,sitting
1657,sitting
1658,sitting
1659,sitting
1660,sitting
1661,sitting
1662,sitting
1663,sitting
1664,sitting
1665,sitting
1666,sitting
1667,sitting
1668,sitting
1669,sitting
1670,sitting
1671,sitting
1672,sitting
1673,sitting
1674,sitting
1675,sitting
1676,sitting
1677,sitting
1678,sitting
1679,sitting
1680,sitting
1681,sitting
1682,sitting
1683,sitting
1684,sitting
1685,sitting
1686,sitting
1687,sitting
1688,sitting
1689,sitting
1690,sitting
1691,sitting
1692,sitting
1693,sitting
1694,sitting
1695,sitting
1696,sitting
1697,sitting
1698,sitting
1699,sitting
1700,get_up
1701,get_up
1702,get_up
1703,get_up
1704,get_up
1705,get_up
1706,get_up
1707,get_up
1708,get_up
1709,get_up
1710,get_up
1711,get_up
1712,get_up
1713,get_up
1714,get_up
1715,get_up
1716,get_up
1717,get_up
1718,get_up
1719,get_up
1720,get_up
1721,get_up
1722,get_up
1723,get_up
1724,get_up
1725,get_up
1726,get_up
1727,get_up
1728,get_up
1729,get_up
1730,get_up
1731,get_up
1732,get_up
1733,get_up
1734,get_up
1735,get_up
1736,get_up
1737,get_up
1738,get_up
1739,get_up
1740,get_up
1741,get_up
1742,get_up
1743,get_up
1744,get_up
1745,get_up
1746,get_up
1747,get_up
1748,get_up
1749,get_up
1750,get_up
1751,get_up
1752,get_up
1753,get_up
1754,get_up
1755,get_up
1756,get_up
1757,get_up
1758,get_up
1759,get_up
1760,walking
1761,walking
1762,walking
1763,walking
1764,walking
1765,walking
1766,walking
1767,walking
1768,walking
1769,walking
1770,walking
1771,walking
1772,walking
1773,walking
1774,walking
1775,walking
1776,walking
1777,walking
1778,walking
1779,walking
1780,walking
1781,walking
1782,walking
1783,walking
1784,walking
1785,walking
1786,walking
1787,walking
1788,walking
1789,walking
1790,walking
1791,walking
1792,walking
1793,walking
1794,walking
1795,walking
1796,walking
1797,walking
1798,walking
1799,walking
1800,walking
1801,walking
1802,walking
1803,walking
1804,walking
1805,walking
1806,walking
1807,walking
1808,walking
1809,walking
1810,walking
1811,walking
1812,walking
1813,walking
1814,walking
1815,walking
1816,walking
1817,walking
1818,walking
1819,walking
1820,walking
1821,walking
1822,walking
1823,walking
1824,walking
1825,walking
1826,walking
1827,walking
1828,walking
1829,walking
1830,walking
1831,walking
1832,walking
1833,walking
1834,walking
1835,walking
1836,walking
1837,walking
1838,walking
1839,walking
1840,walking
1841,walking
1842,walking
1843,walking
1844,walking
1845,walking
1846,walking
1847,walking
1848,walking
1849,walking
1850,walking
1851,walking
1852,walking
1853,walking
1854,walking
1855,walking
1856,walking
1857,walking
1858,walking
1859,walking
1860,walking
1861,walking
1862,walking
1863,walking
1864,walking
1865,walking
1866,walking
1867,walking
1868,walking
1869,walking
1870,walking
1871,walking
1872,walking
1873,walking
1874,walking
1875,walking
1876,walking
1877,walking
1878,walking
1879,walking
1880,walking
1881,walking
1882,walking
1883,walking
1884,walking
1885,walking
1886,walking
1887,walking
1888,walking
1889,walking
1890,walking
1891,walking
1892,walking
1893,walking
1894,walking
1895,walking
1896,walking
1897,walking
1898,walking
1899,walking
1900,walking
1901,walking
1902,walking
1903,walking
1904,walking
1905,walking
1906,walking
1907,walking
1908,walking
1909,walking
1910,walking
1911,walking
1912,walking
1913,walking
1914,walking
1915,walking
1916,walking
1917,walking
1918,walking
1919,walking
1920,walking
1921,walking
1922,walking
1923,walking
1924,walking
1925,walking
1926,walking
1927,walking
1928,walking
1929,walking
1930,walking
1931,walking
1932,walking
1933,walking
1934,walking
1935,walking
1936,walking
1937,walking
1938,walking
1939,walking
1940,walking
1941,walking
1942,walking
1943,walking
1944,walking
1945,walking
1946,walking
1947,walking
1948,walking
1949,walking
1950,walking
1951,walking
1952,walking
1953,walking
1954,walking
1955,walking
1956,walking
1957,walking
1958,walking
1959,walking
1960,walking
1961,walking
1962,walking
1963,walking
1964,walking
1965,walking
1966,walking
1967,walking
1968,walking
1969,walking
1970,walking
1971,walking
1972,walking
1973,walking
1974,walking
1975,walking
1976,walking
1977,walking
1978,walking
1979,walking
1980,walking
1981,walking
1982,walking
1983,walking
1984,walking
1985,walking
1986,walking
1987,walking
1988,walking
1989,walking
1990,get_down
1991,get_down
1992,get_down
1993,get_down
1994,get_down
1995,get_down
1996,get_down
1997,get_down
1998,get_down
1999,get_down
2000,get_down
2001,get_down
2002,get_down
2003,get_down
2004,get_down
2005,get_down
2006,get_down
2007,get_down
2008,get_down
2009,get_down
2010,get_down
2011,get_down
2012,get_down
2013,get_down
2014,get_down
2015,get_down
2016,get_down
2017,get_down
2018,get_down
2019,get_down
2020,get_down
2021,get_down
2022,get_down
2023,get_down
2024,get_down
2025,get_down
2026,get_down
2027,get_down
2028,get_down
2029,get_down
2030,get_down
2031,get_down
2032,get_down
2033,get_down
2034,get_down
2035,get_down
2036,get_down
2037,get_down
2038,get_down
2039,get_down
2040,get_down
2041,get_down
2042,get_down
2043,get_down
2044,get_down
2045,get_down
2046,get_down
2047,get_down
2048,get_down
2049,get_down
2050,get_down
2051,get_down
2052,get_down
2053,get_down
2054,get_down
2055,get_down
2056,get_down
2057,get_down
2058,get_down
2059,get_down
2060,get_down
2061,get_down
2062,get_down
2063,get_down
2064,get_down
2065,get_down
2066,get_down
2067,get_down
2068,get_down
2069,get_down
2070,get_down
2071,get_down
2072,get_down
2073,get_down
2074,get_down
2075,get_down
2076,get_down
2077,get_down
2078,get_down
2079,get_down
2080,get_down
2081,get_down
2082,get_down
2083,get_down
2084,get_down
2085,get_down
2086,get_down
2087,get_down
2088,get_down
2089,get_down
2090,get_down
2091,get_down
2092,get_down
2093,get_down
2094,get_down
2095,get_down
2096,get_down
2097,get_down
2098,get_down
2099,get_down
2100,get_down
2101,get_down
2102,get_down
2103,get_down
2104,get_down
2105,get_down
2106,get_down
2107,get_down
2108,get_down
2109,get_down
2110,lying
2111,lying
2112,lying
2113,lying
2114,lying
2115,lying
2116,lying
2117,lying
2118,lying
2119,lying
2120,lying
2121,lying
2122,lying
2123,lying
2124,lying
2125,lying
2126,lying
2127,lying
2128,lying
2129,lying
2130,lying
2131,lying
2132,lying
2133,lying
2134,lying
2135,lying
2136,lying
2137,lying
2138,lying
2139,lying
2140,lying
2141,lying
2142,lying
2143,lying
2144,lying
2145,lying
2146,lying
2147,lying
2148,lying
2149,lying
2150,lying
2151,lying
2152,lying
2153,lying
2154,lying
2155,lying
2156,lying
2157,lying
2158,lying
2159,lying
2160,lying
2161,lying
2162,lying
2163,lying
2164,lying
2165,lying
2166,lying
2167,lying
2168,lying
2169,lying
2170,lying
2171,lying
2172,lying
2173,lying
2174,lying
2175,lying
2176,lying
2177,lying
2178,lying
2179,lying
2180,lying
2181,lying
2182,lying
2183,lying
2184,lying
2185,lying
2186,lying
2187,lying
2188,lying
2189,lying
2190,lying
2191,lying
2192,lying
2193,lying
2194,lying
2195,lying
2196,lying
2197,lying
2198,lying
2199,lying
2200,lying
2201,lying
2202,lying
2203,lying
2204,lying
2205,lying
2206,lying
2207,lying
2208,lying
2209,lying
2210,lying
2211,lying
2212,lying
2213,lying
2214,lying
2215,lying
2216,lying
2217,lying
2218,lying
2219,lying
2220,lying
2221,lying
2222,lying
2223,lying
2224,lying
2225,lying
2226,lying
2227,lying
2228,lying
2229,lying
2230,lying
2231,lying
2232,lying
2233,lying
2234,lying
2235,lying
2236,lying
2237,lying
2238,lying
2239,lying
2240,lying
2241,lying
2242,lying
2243,lying
2244,lying
2245,lying
2246,lying
2247,lying
2248,lying
2249,lying
2250,lying
2251,lying
2252,lying
2253,lying
2254,lying
2255,lying
2256,lying
2257,lying
2258,lying
2259,lying
2260,lying
2261,lying
2262,lying
2263,lying
2264,lying
2265,lying
2266,lying
2267,lying
2268,lying
2269,lying
2270,lying
2271,lying
2272,lying
2273,lying
2274,lying
2275,lying
2276,lying
2277,lying
2278,lying
2279,lying
2280,lying
2281,lying
2282,lying
2283,lying
2284,lying
2285,lying
2286,lying
2287,lying
2288,lying
2289,lying
2290,lying
2291,lying
2292,lying
2293,lying
2294,lying
2295,lying
2296,lying
2297,lying
2298,lying
2299,lying
2300,lying
2301,lying
2302,lying
2303,lying
2304,lying
2305,lying
2306,lying
2307,lying
2308,lying
2309,lying
2310,lying
2311,lying
2312,lying
2313,lying
2314,lying
2315,lying
2316,lying
2317,lying
2318,lying
2319,lying
2320,lying
2321,lying
2322,lying
2323,lying
2324,lying
2325,lying
2326,lying
2327,lying
2328,lying
2329,lying
2330,lying
2331,lying
2332,lying
2333,lying
2334,lying
2335,lying
2336,lying
2337,lying
2338,lying
2339,lying
2340,lying
2341,lying
2342,lying
2343,lying
2344,lying
2345,lying
2346,lying
2347,lying
2348,lying
2349,lying
2350,lying
2351,lying
2352,lying
2353,lying
2354,lying
2355,lying
2356,lying
2357,lying
2358,lying
2359,lying
2360,lying
2361,lying
2362,lying
2363,lying
2364,lying
2365,lying
2366,lying
2367,lying
2368,lying
2369,lying
2370,lying
2371,lying
2372,lying
2373,lying
2374,lying
2375,lying
2376,lying
2377,lying
2378,lying
2379,lying
2380,lying
2381,lying
2382,lying
2383,lying
2384,lying
2385,lying
2386,lying
2387,lying
2388,lying
2389,lying
2390,lying
2391,lying
2392,lying
2393,lying
2394,lying
2395,lying
2396,lying
2397,lying
2398,lying
2399,lying
2400,lying
2401,lying
2402,lying
2403,lying
2404,lying
2405,lying
2406,lying
2407,lying
2408,lying
2409,lying
2410,lying
2411,lying
2412,lying
2413,lying
2414,lying
2415,lying
2416,lying
2417,lying
2418,lying
2419,lying
2420,lying
2421,lying
2422,lying
2423,lying
2424,lying
2425,lying
2426,lying
2427,lying
2428,lying
2429,lying
2430,lying
2431,lying
2432,lying
2433,lying
2434,lying
2435,lying
2436,lying
2437,lying
2438,lying
2439,lying
2440,lying
2441,lying
2442,lying
2443,lying
2444,lying
2445,lying
2446,lying
2447,lying
2448,lying
2449,lying
2450,lying
2451,lying
2452,lying
2453,lying
2454,lying
2455,lying
2456,lying
2457,lying
2458,lying
2459,lying
2460,lying
2461,lying
2462,lying
2463,lying
2464,lying
2465,lying
2466,lying
2467,lying
2468,lying
2469,lying
2470,lying
2471,lying
2472,lying
2473,lying
2474,lying
2475,lying
2476,lying
2477,lying
2478,lying
2479,lying
2480,lying
2481,lying
2482,lying
2483,lying
2484,lying
2485,lying
2486,lying
2487,lying
2488,lying
2489,lying
2490,lying
2491,lying
2492,lying
2493,lying
2494,lying
2495,lying
2496,lying
2497,lying
2498,lying
2499,lying
2500,lying
2501,lying
2502,lying
2503,lying
2504,lying
2505,lying
2506,lying
2507,lying
2508,lying
2509,lying
2510,lying
2511,lying
2512,lying
2513,lying
2514,lying
2515,lying
2516,lying
2517,lying
2518,lying
2519,lying
2520,lying
2521,lying
2522,lying
2523,lying
2524,lying
2525,lying
2526,lying
2527,lying
2528,lying
2529,lying
2530,lying
2531,lying
2532,lying
2533,lying
2534,lying
2535,lying
2536,lying
2537,lying
2538,lying
2539,lying
2540,lying
2541,lying
2542,lying
2543,lying
2544,lying
2545,lying
2546,lying
2547,lying
2548,lying
2549,lying
2550,lying
2551,lying
2552,lying
2553,lying
2554,lying
2555,lying
2556,lying
2557,lying
2558,lying
2559,lying
2560,lying
2561,lying
2562,lying
2563,lying
2564,lying
2565,lying
2566,lying
2567,lying
2568,lying
2569,lying
2570,lying
2571,lying
2572,lying
2573,lying
2574,lying
2575,lying
2576,lying
2577,lying
2578,lying
2579,lying
2580,lying
2581,lying
2582,lying
2583,lying
2584,lying
2585,lying
2586,lying
2587,lying
2588,lying
2589,lying
2590,lying
2591,lying
2592,lying
2593,lying
2594,lying
2595,lying
2596,lying
2597,lying
2598,lying
2599,lying
2600,lying
2601,lying
2602,lying
2603,lying
2604,lying
2605,lying
2606,lying
2607,lying
2608,lying
2609,lying
2610,lying
2611,lying
2612,lying
2613,lying
2614,lying
2615,lying
2616,lying
2617,lying
2618,lying
2619,lying
2620,lying
2621,lying
2622,lying
2623,lying
2624,lying
2625,lying
2626,lying
2627,lying
2628,lying
2629,lying
2630,lying
2631,lying
2632,lying
2633,lying
2634,lying
2635,lying
2636,lying
2637,lying
2638,lying
2639,lying
2640,lying
2641,lying
2642,lying
2643,lying
2644,lying
2645,lying
2646,lying
2647,lying
2648,lying
2649,lying
2650,lying
2651,lying
2652,lying
2653,lying
2654,lying
2655,lying
2656,lying
2657,lying
2658,lying
2659,lying
2660,lying
2661,lying
2662,lying
2663,lying
2664,lying
2665,lying
2666,lying
2667,lying
2668,lying
2669,lying
2670,lying
2671,lying
2672,lying
2673,lying
2674,lying
2675,lying
2676,lying
2677,lying
2678,lying
2679,lying
2680,lying
2681,lying
2682,lying
2683,lying
2684,lying
2685,lying
2686,lying
2687,lying
2688,lying
2689,lying
2690,lying
2691,lying
2692,lying
2693,lying
2694,lying
2695,lying
2696,lying
2697,lying
2698,lying
2699,lying
2700,lying
2701,lying
2702,lying
2703,lying
2704,lying
2705,lying
2706,lying
2707,lying
2708,lying
2709,lying
2710,lying
2711,lying
2712,lying
2713,lying
2714,lying
2715,lying
2716,lying
2717,lying
2718,lying
2719,lying
2720,lying
2721,lying
2722,lying
2723,lying
2724,lying
2725,lying
2726,lying
2727,lying
2728,lying
2729,lying
2730,lying
2731,lying
2732,lying
2733,lying
2734,lying
2735,get_up
2736,get_up
2737,get_up
2738,get_up
2739,get_up
2740,get_up
2741,get_up
2742,get_up
2743,get_up
2744,get_up
2745,get_up
2746,get_up
2747,get_up
2748,get_up
2749,get_up
2750,get_up
2751,get_up
2752,get_up
2753,get_up
2754,get_up
2755,get_up
2756,get_up
2757,get_up
2758,get_up
2759,get_up
2760,get_up
2761,get_up
2762,get_up
2763,get_up
2764,get_up
2765,get_up
2766,get_up
2767,get_up
2768,get_up
2769,get_up
2770,get_up
2771,get_up
2772,get_up
2773,get_up
2774,get_up
2775,get_up
2776,get_up
2777,get_up
2778,get_up
2779,get_up
2780,get_up
2781,get_up
2782,get_up
2783,get_up
2784,get_up
2785,get_up
2786,get_up
2787,get_up
2788,get_up
2789,get_up
2790,get_up
2791,get_up
2792,get_up
2793,get_up
2794,get_up
2795,get_up
2796,get_up
2797,get_up
2798,get_up
2799,get_up
2800,get_up
2801,get_up
2802,get_up
2803,get_up
2804,get_up
2805,get_up
2806,get_up
2807,get_up
2808,get_up
2809,get_up
2810,get_up
2811,get_up
2812,get_up
2813,get_up
2814,get_up
2815,get_up
2816,get_up
2817,get_up
2818,get_up
2819,get_up
2820,get_up
2821,get_up
2822,get_up
2823,get_up
2824,get_up
2825,get_up
2826,get_up
2827,get_up
2828,get_up
2829,get_up
2830,get_up
2831,get_up
2832,get_up
2833,get_up
2834,get_up
2835,get_up
2836,get_up
2837,get_up
2838,get_up
2839,get_up
2840,get_up
2841,get_up
2842,get_up
2843,get_up
2844,get_up
2845,get_up
2846,get_up
2847,get_up
2848,get_up
2849,get_up
2850,get_up
2851,get_up
2852,get_up
2853,get_up
2854,get_up
2855,get_up
2856,get_up
2857,get_up
2858,get_up
2859,get_up
2860,get_up
2861,get_up
2862,get_up
2863,get_up
2864,get_up
2865,get_up
2866,get_up
2867,get_up
2868,get_up
2869,get_up
2870,walking
2871,walking
2872,walking
2873,walking
2874,walking
2875,walking
2876,walking
2877,walking
2878,walking
2879,walking
2880,walking
2881,walking
2882,walking
2883,walking
2884,walking
2885,walking
2886,walking
2887,walking
2888,walking
2889,walking
2890,walking
2891,walking
2892,walking
2893,walking
2894,walking
2895,walking
2896,walking
2897,walking
2898,walking
2899,walking
2900,walking
2901,walking
2902,walking
2903,walking
2904,walking
2905,walking
2906,walking
2907,walking
2908,walking
2909,walking
2910,walking
2911,walking
2912,walking
2913,walking
2914,walking
2915,walking
2916,walking
2917,walking
2918,walking
2919,walking
2920,walking
2921,walking
2922,walking
2923,walking
2924,walking
2925,walking
2926,walking
2927,walking
2928,walking
2929,walking
2930,walking
2931,walking
2932,walking
2933,walking
2934,walking
2935,walking
2936,walking
2937,walking
2938,walking
2939,walking
2940,walking
2941,walking
2942,walking
2943,walking
2944,walking
2945,walking
2946,walking
2947,walking
2948,walking
2949,walking
2950,walking
2951,walking
2952,walking
2953,walking
2954,walking
2955,walking
2956,walking
2957,walking
2958,walking
2959,walking
2960,walking
2961,walking
2962,walking
2963,walking
2964,walking
2965,walking
2966,walking
2967,walking
2968,walking
2969,walking
2970,walking
2971,walking
2972,walking
2973,walking
2974,walking
2975,walking
2976,walking
2977,walking
2978,walking
2979,walking
2980,walking
2981,walking
2982,walking
2983,walking
2984,walking
2985,walking
2986,walking
2987,walking
2988,walking
2989,walking
2990,walking
2991,walking
2992,walking
2993,walking
2994,walking
2995,walking
2996,walking
2997,walking
2998,walking
2999,walking
3000,walking
3001,walking
3002,walking
3003,walking
3004,walking
3005,walking
3006,walking
3007,walking
3008,walking
3009,walking
3010,walking
3011,walking
3012,walking
3013,walking
3014,walking
3015,walking
3016,walking
3017,walking
3018,walking
3019,walking
3020,walking
3021,walking
3022,walking
3023,walking
3024,walking
3025,walking
3026,walking
3027,walking
3028,walking
3029,walking
3030,walking
3031,walking
3032,walking
3033,walking
3034,walking
3035,walking
3036,walking
3037,walking
3038,walking
3039,walking
3040,walking
3041,walking
3042,walking
3043,walking
3044,walking
3045,walking
3046,walking
3047,walking
3048,walking
3049,walking
3050,walking
3051,walking
3052,walking
3053,walking
3054,walking
3055,walking
3056,walking
3057,walking
3058,walking
3059,walking
3060,walking
3061,walking
3062,walking
3063,walking
3064,walking
3065,walking
3066,walking
3067,walking
3068,walking
3069,walking
3070,walking
3071,walking
3072,walking
3073,walking
3074,walking
3075,walking
3076,walking
3077,walking
3078,walking
3079,walking
3080,walking
3081,walking
3082,walking
3083,walking
3084,walking
3085,walking
3086,walking
3087,walking
3088,walking
3089,walking
3090,walking
3091,walking
3092,walking
3093,walking
3094,walking
3095,walking
3096,walking
3097,walking
3098,walking
3099,walking
3100,walking
3101,walking
3102,walking
3103,walking
3104,walking
3105,walking
3106,walking
3107,walking
3108,walking
3109,walking
3110,walking
3111,walking
3112,walking
3113,walking
3114,walking
3115,walking
3116,walking
3117,walking
3118,walking
3119,walking
3120,walking
3121,walking
3122,walking
3123,walking
3124,walking
3125,walking
3126,walking
3127,walking
3128,walking
3129,walking
3130,walking
3131,walking
3132,walking
3133,walking
3134,walking
3135,walking
3136,walking
3137,walking
3138,walking
3139,walking
3140,walking
3141,walking
3142,walking
3143,walking
3144,walking
3145,walking
3146,walking
3147,walking
3148,walking
3149,walking
3150,walking
3151,walking
3152,walking
3153,walking
3154,walking
3155,walking
3156,walking
3157,walking
3158,walking
3159,walking
3160,walking
3161,walking
3162,walking
3163,walking
3164,walking
3165,walking
3166,walking
3167,walking
3168,walking
3169,walking
3170,walking
3171,walking
3172,walking
3173,walking
3174,walking
3175,walking
3176,walking
3177,walking
3178,walking
3179,walking
3180,walking
3181,walking
3182,walking
3183,walking
3184,walking
3185,walking
3186,walking
3187,walking
3188,walking
3189,walking
3190,walking
3191,walking
3192,walking
3193,walking
3194,walking
3195,walking
3196,walking
3197,walking
3198,walking
3199,walking
3200,walking
3201,walking
3202,walking
3203,walking
3204,walking
3205,walking
3206,walking
3207,walking
3208,walking
3209,walking
3210,walking
3211,walking
3212,walking
3213,walking
3214,walking
3215,walking
3216,walking
3217,walking
3218,walking
3219,walking
3220,walking
3221,walking
3222,walking
3223,walking
3224,walking
3225,walking
3226,walking
3227,walking
3228,walking
3229,walking
3230,walking
3231,walking
3232,walking
3233,walking
3234,walking
3235,walking
3236,walking
3237,walking
3238,walking
3239,walking
3240,walking
3241,walking
3242,walking
3243,walking
3244,walking
3245,walking
3246,walking
3247,walking
3248,walking
3249,walking
3250,walking
3251,walking
3252,walking
3253,walking
3254,walking
3255,walking
3256,walking
3257,walking
3258,walking
3259,walking
3260,walking
3261,walking
3262,walking
3263,walking
3264,walking
3265,walking
3266,walking
3267,walking
3268,walking
3269,walking
3270,walking
3271,walking
3272,walking
3273,walking
3274,walking
3275,walking
3276,walking
3277,walking
3278,walking
3279,walking
3280,walking
3281,walking
3282,walking
3283,walking
3284,walking
3285,walking
3286,walking
3287,walking
3288,walking
3289,walking
3290,walking
3291,walking
3292,walking
3293,walking
3294,walking
3295,walking
3296,walking
3297,walking
3298,walking
3299,walking
3300,walking
3301,walking
3302,walking
3303,walking
3304,walking
3305,walking
3306,walking
3307,walking
3308,walking
3309,walking
3310,walking
3311,walking
3312,walking
3313,walking
3314,walking
3315,walking
3316,walking
3317,walking
3318,walking
3319,walking
3320,walking
3321,walking
3322,walking
3323,walking
3324,walking
3325,walking
3326,walking
3327,walking
3328,walking
3329,walking
3330,walking
3331,walking
3332,walking
3333,walking
3334,walking
3335,walking
3336,walking
3337,walking
3338,walking
3339,walking
3340,walking
3341,walking
3342,walking
3343,walking
3344,walking
3345,walking
3346,walking
3347,walking
3348,walking
3349,walking
3350,walking
3351,walking
3352,walking
3353,walking
3354,walking
3355,walking
3356,walking
3357,walking
3358,walking
3359,walking
3360,walking
3361,walking
3362,walking
3363,walking
3364,walking
3365,walking
3366,walking
3367,walking
3368,walking
3369,walking
3370,walking
3371,walking
3372,walking
3373,walking
3374,walking
3375,walking
3376,walking
3377,walking
3378,walking
3379,walking
3380,walking
3381,walking
3382,walking
3383,walking
3384,walking
3385,walking
3386,walking
3387,walking
3388,walking
3389,walking
3390,walking
3391,walking
3392,walking
3393,walking
3394,walking
3395,walking
3396,walking
3397,walking
3398,walking
3399,walking
3400,walking
3401,walking
3402,walking
3403,walking
3404,walking
3405,walking
3406,walking
3407,walking
3408,walking
3409,walking
3410,walking
3411,walking
3412,walking
3413,walking
3414,walking
3415,walking
3416,walking
3417,walking
3418,walking
3419,walking
3420,walking
3421,walking
3422,walking
3423,walking
3424,walking
3425,walking
3426,walking
3427,walking
3428,walking
3429,walking
3430,walking
3431,walking
3432,walking
3433,walking
3434,walking
3435,walking
3436,walking
3437,walking
3438,walking
3439,walking
3440,walking
3441,walking
3442,walking
3443,walking
3444,walking
3445,walking
3446,walking
3447,walking
3448,walking
3449,walking
3450,walking
3451,walking
3452,walking
3453,walking
3454,walking
3455,walking
3456,walking
3457,walking
3458,walking
3459,walking
3460,walking
3461,walking
3462,walking
3463,walking
3464,walking
3465,walking
3466,walking
3467,walking
3468,walking
3469,walking
3470,walking
3471,walking
3472,walking
3473,walking
3474,walking
3475,walking
3476,walking
3477,walking
3478,walking
3479,walking
3480,walking
3481,walking
3482,walking
3483,walking
3484,walking
3485,walking
3486,walking
3487,walking
3488,walking
3489,walking
3490,walking
3491,walking
3492,walking
3493,walking
3494,walking
3495,walking
3496,walking
3497,walking
3498,walking
3499,walking
3500,no_person
3501,no_person
3502,no_person
3503,no_person
3504,no_person
3505,no_person
3506,no_person
3507,no_person
3508,no_person
3509,no_person
3510,no_person
3511,no_person
3512,no_person
3513,no_person
3514,no_person
3515,no_person
3516,no_person
3517,no_person
3518,no_person
3519,no_person
3520,no_person
3521,no_person
3522,no_person
3523,no_person
3524,no_person
3525,no_person
3526,no_person
3527,no_person
3528,no_person
3529,no_person
3530,no_person
3531,no_person
3532,no_person
3533,no_person
3534,no_person
3535,no_person
3536,no_person
3537,no_person
3538,no_person
3539,no_person
3540,no_person
3541,no_person
3542,no_person
3543,no_person
3544,no_person
3545,no_person
3546,no_person
3547,no_person
3548,no_person
3549,no_person
3550,no_person
3551,no_person
3552,no_person
3553,no_person
3554,no_person
3555,no_person
3556,no_person
3557,no_person
3558,no_person
3559,no_person
3560,no_person
3561,no_person
3562,no_person
3563,no_person
3564,no_person
3565,no_person
3566,no_person
3567,no_person
3568,no_person
3569,no_person
3570,no_person
3571,no_person
3572,no_person
3573,no_person
3574,no_person
3575,no_person
3576,no_person
3577,no_person
3578,no_person
3579,no_person
3580,no_person
3581,no_person
3582,no_person
3583,no_person
3584,no_person
3585,no_person
3586,no_person
3587,no_person
3588,no_person
3589,no_person
3590,no_person
3591,no_person
3592,no_person
3593,no_person
3594,no_person
3595,no_person
3596,no_person
3597,no_person
3598,no_person
3599,no_person
3600,no_person
3601,no_person
3602,no_person
3603,no_person
3604,no_person
3605,no_person
3606,no_person
3607,no_person
3608,no_person
3609,no_person
3610,no_person
3611,no_person
3612,no_person
3613,no_person
3614,no_person
3615,no_person
3616,no_person
3617,no_person
3618,no_person
3619,no_person
3620,no_person
3621,no_person
3622,no_person
3623,no_person
3624,no_person
3625,no_person
3626,no_person
3627,no_person
3628,no_person
3629,no_person
3630,no_person
3631,no_person
3632,no_person
3633,no_person
3634,no_person
3635,no_person
3636,no_person
3637,no_person
3638,no_person
3639,no_person
3640,no_person
3641,no_person
3642,no_person
3643,no_person
3644,no_person
3645,no_person
3646,no_person
3647,no_person
3648,no_person
3649,no_person
3650,no_person
3651,no_person
3652,no_person
3653,no_person
3654,no_person
3655,no_person
3656,no_person
3657,no_person
3658,no_person
3659,no_person
3660,no_person
3661,no_person
3662,no_person
3663,no_person
3664,no_person
3665,no_person
3666,no_person
3667,no_person
3668,no_person
3669,no_person
3670,no_person
3671,no_person
3672,no_person
3673,no_person
3674,no_person
3675,no_person
3676,no_person
3677,no_person
3678,no_person
3679,no_person
3680,no_person
3681,no_person
3682,no_person
3683,no_person
3684,no_person
3685,no_person
3686,no_person
3687,no_person
3688,no_person
3689,no_person
3690,no_person
3691,no_person
3692,no_person
3693,no_person
3694,no_person
3695,no_person
3696,no_person
3697,no_person
3698,no_person
3699,no_person
3700,no_person
3701,no_person
3702,no_person
3703,no_person
3704,no_person
3705,no_person
3706,no_person
3707,no_person
3708,no_person
3709,no_person
3710,no_person
3711,no_person
3712,no_person
3713,no_person
3714,no_person
3715,no_person
3716,no_person
3717,no_person
3718,no_person
3719,no_person
3720,no_person
3721,no_person
3722,no_person
3723,no_person
3724,no_person
3725,no_person
3726,no_person
3727,no_person
3728,no_person
3729,no_person
3730,no_person
3731,no_person
3732,no_person
3733,no_person
3734,no_person
3735,no_person
3736,no_person
3737,no_person
3738,no_person
3739,no_person
3740,no_person
3741,no_person
3742,no_person
3743,no_person
3744,no_person
3745,no_person
3746,no_person
3747,no_person
3748,no_person
3749,no_person
3750,no_person
3751,no_person
3752,no_person
3753,no_person
3754,no_person
3755,no_person
3756,no_person
3757,no_person
3758,no_person
3759,no_person
3760,no_person
3761,no_person
3762,no_person
3763,no_person
3764,no_person
3765,no_person
3766,no_person
3767,no_person
3768,no_person
3769,no_person
3770,no_person
3771,no_person
3772,no_person
3773,no_person
3774,no_person
3775,no_person
3776,no_person
3777,no_person
3778,no_person
3779,no_person
3780,no_person
3781,no_person
3782,no_person
3783,no_person
3784,no_person
3785,no_person
3786,no_person
3787,no_person
3788,no_person
3789,no_person
3790,no_person
3791,no_person
3792,no_person
3793,no_person
3794,no_person
3795,no_person
3796,no_person
3797,no_person
3798,no_person
3799,no_person
3800,no_person
3801,no_person
3802,no_person
3803,no_person
3804,no_person
3805,no_person
3806,no_person
3807,no_person
3808,no_person
3809,no_person
3810,no_person
3811,no_person
3812,no_person
3813,no_person
3814,no_person
3815,no_person
3816,no_person
3817,no_person
3818,no_person
3819,no_person
3820,no_person
3821,no_person
3822,no_person
3823,no_person
3824,no_person
3825,no_person
3826,no_person
3827,no_person
3828,no_person
3829,no_person
3830,no_person
3831,no_person
3832,no_person
3833,no_person
3834,no_person
3835,no_person
3836,no_person
3837,no_person
3838,no_person
3839,no_person
3840,no_person
3841,no_person
3842,no_person
3843,no_person
3844,no_person
3845,no_person
3846,no_person
3847,no_person
3848,no_person
3849,no_person
3850,no_person
3851,no_person
3852,no_person
3853,no_person
3854,no_person
3855,no_person
3856,no_person
3857,no_person
3858,no_person
3859,no_person
3860,no_person
3861,no_person
3862,no_person
3863,no_person
3864,no_person
3865,no_person
3866,no_person
3867,no_person
3868,no_person
3869,no_person
3870,no_person
3871,no_person
3872,no_person
3873,no_person
3874,no_person
3875,no_person
3876,no_person
3877,no_person
3878,no_person
3879,no_person
3880,no_person
3881,no_person
3882,no_person
3883,no_person
3884,no_person
3885,no_person
3886,no_person
3887,no_person
3888,no_person
3889,no_person
3890,no_person
3891,no_person
3892,no_person
3893,no_person
3894,no_person
3895,no_person
3896,no_person
3897,no_person
3898,no_person
3899,no_person
3900,no_person
3901,no_person
3902,no_person
3903,no_person
3904,no_person
3905,no_person
3906,no_person
3907,no_person
3908,no_person
3909,no_person
3910,no_person
3911,no_person
3912,no_person
3913,no_person
3914,no_person
3915,no_person
3916,no_person
3917,no_person
3918,no_person
3919,no_person
3920,no_person
3921,no_person
3922,no_person
3923,no_person
3924,no_person
3925,no_person
3926,no_person
3927,no_person
3928,no_person
3929,no_person
3930,no_person
3931,no_person
3932,no_person
3933,no_person
3934,no_person
3935,no_person
3936,no_person
3937,no_person
3938,no_person
3939,no_person
3940,no_person
3941,no_person
3942,no_person
3943,no_person
3944,no_person
3945,no_person
3946,no_person
3947,no_person
3948,no_person
3949,no_person
3950,no_person
3951,no_person
3952,no_person
3953,no_person
3954,no_person
3955,no_person
3956,no_person
3957,no_person
3958,no_person
3959,no_person
3960,no_person
3961,no_person
3962,no_person
3963,no_person
3964,no_person
3965,no_person
3966,no_person
3967,no_person
3968,no_person
3969,no_person
3970,no_person
3971,no_person
3972,no_person
3973,no_person
3974,no_person
3975,no_person
3976,no_person
3977,no_person
3978,no_person
3979,no_person
3980,no_person
3981,no_person
3982,no_person
3983,no_person
3984,no_person
3985,no_person
3986,no_person
3987,no_person
3988,no_person
3989,no_person
3990,no_person
3991,no_person
3992,no_person
3993,no_person
3994,no_person
3995,no_person
3996,no_person
3997,no_person
3998,no_person
3999,no_person
4000,no_person
4001,no_person
4002,no_person
4003,no_person
4004,no_person
4005,no_person
4006,no_person
4007,no_person
4008,no_person
4009,no_person
4010,no_person
4011,no_person
4012,no_person
4013,no_person
4014,no_person
4015,no_person
4016,no_person
4017,no_person
4018,no_person
4019,no_person
4020,no_person
4021,no_person
4022,no_person
4023,no_person
4024,no_person
4025,no_person
4026,no_person
4027,no_person
4028,no_person
4029,no_person
4030,no_person
4031,no_person
4032,no_person
4033,no_person
4034,no_person
4035,no_person
4036,no_person
4037,no_person
4038,no_person
4039,no_person
4040,no_person
4041,no_person
4042,no_person
4043,no_person
4044,no_person
4045,no_person
4046,no_person
4047,no_person
4048,no_person
4049,no_person
4050,no_person
4051,no_person
4052,no_person
4053,no_person
4054,no_person
4055,no_person
4056,no_person
4057,no_person
4058,no_person
4059,no_person
4060,no_person
4061,no_person
4062,no_person
4063,no_person
4064,no_person
4065,no_person
4066,no_person
4067,no_person
4068,no_person
4069,no_person
4070,no_person
4071,no_person
4072,no_person
4073,no_person
4074,no_person
4075,no_person
4076,no_person
4077,no_person
4078,no_person
4079,no_person
4080,no_person
4081,no_person
4082,no_person
4083,no_person
4084,no_person
4085,no_person
4086,no_person
4087,no_person
4088,no_person
4089,no_person
4090,no_person
4091,no_person
4092,no_person
4093,no_person
4094,no_person
4095,no_person
4096,no_person
4097,no_person
4098,no_person
4099,no_person
4100,walking
4101,walking
4102,walking
4103,walking
4104,walking
4105,walking
4106,walking
4107,walking
4108,walking
4109,walking
4110,walking
4111,walking
4112,walking
4113,walking
4114,walking
4115,walking
4116,walking
4117,walking
4118,walking
4119,walking
4120,walking
4121,walking
4122,walking
4123,walking
4124,walking
4125,walking
4126,walking
4127,walking
4128,walking
4129,walking
4130,walking
4131,walking
4132,walking
4133,walking
4134,walking
4135,walking
4136,walking
4137,walking
4138,walking
4139,walking
4140,walking
4141,walking
4142,walking
4143,walking
4144,walking
4145,walking
4146,walking
4147,walking
4148,walking
4149,walking
4150,walking
4151,walking
4152,walking
4153,walking
4154,walking
4155,walking
4156,walking
4157,walking
4158,walking
4159,walking
4160,walking
4161,walking
4162,walking
4163,walking
4164,walking
4165,walking
4166,walking
4167,walking
4168,walking
4169,walking
4170,walking
4171,walking
4172,walking
4173,walking
4174,walking
4175,walking
4176,walking
4177,walking
4178,walking
4179,walking
4180,walking
4181,walking
4182,walking
4183,walking
4184,walking
4185,walking
4186,walking
4187,walking
4188,walking
4189,walking
4190,walking
4191,walking
4192,walking
4193,walking
4194,walking
4195,walking
4196,walking
4197,walking
4198,walking
4199,walking
4200,walking
4201,walking
4202,walking
4203,walking
4204,walking
4205,walking
4206,walking
4207,walking
4208,walking
4209,walking
4210,walking
4211,walking
4212,walking
4213,walking
4214,walking
4215,walking
4216,walking
4217,walking
4218,walking
4219,walking
4220,walking
4221,walking
4222,walking
4223,walking
4224,walking
4225,walking
4226,walking
4227,walking
4228,walking
4229,walking
4230,walking
4231,walking
4232,walking
4233,walking
4234,walking
4235,walking
4236,walking
4237,walking
4238,walking
4239,walking
4240,walking
4241,walking
4242,walking
4243,walking
4244,walking
4245,walking
4246,walking
4247,walking
4248,walking
4249,walking
4250,walking
4251,walking
4252,walking
4253,walking
4254,walking
4255,walking
4256,walking
4257,walking
4258,walking
4259,walking
4260,walking
4261,walking
4262,walking
4263,walking
4264,walking
4265,walking
4266,walking
4267,walking
4268,walking
4269,walking
4270,walking
4271,walking
4272,walking
4273,walking
4274,walking
4275,walking
4276,walking
4277,walking
4278,walking
4279,walking
4280,walking
4281,walking
4282,walking
4283,walking
4284,walking
4285,walking
4286,walking
4287,walking
4288,walking
4289,walking
4290,walking
4291,walking
4292,walking
4293,walking
4294,walking
4295,walking
4296,walking
4297,walking
4298,walking
4299,walking
4300,walking
4301,walking
4302,walking
4303,walking
4304,walking
4305,walking
4306,walking
4307,walking
4308,walking
4309,walking
4310,walking
4311,walking
4312,walking
4313,walking
4314,walking
4315,walking
4316,walking
4317,walking
4318,walking
4319,walking
4320,walking
4321,walking
4322,walking
4323,walking
4324,walking
4325,walking
4326,walking
4327,walking
4328,walking
4329,walking
4330,walking
4331,walking
4332,walking
4333,walking
4334,walking
4335,walking
4336,walking
4337,walking
4338,walking
4339,walking
4340,walking
4341,walking
4342,walking
4343,walking
4344,walking
4345,walking
4346,walking
4347,walking
4348,walking
4349,walking
4350,walking
4351,walking
4352,walking
4353,walking
4354,walking
4355,walking
4356,walking
4357,walking
4358,walking
4359,walking
4360,get_down
4361,get_down
4362,get_down
4363,get_down
4364,get_down
4365,get_down
4366,get_down
4367,get_down
4368,get_down
4369,get_down
4370,get_down
4371,get_down
4372,get_down
4373,get_down
4374,get_down
4375,get_down
4376,get_down
4377,get_down
4378,get_down
4379,get_down
4380,get_down
4381,get_down
4382,get_down
4383,get_down
4384,get_down
4385,get_down
4386,get_down
4387,get_down
4388,get_down
4389,get_down
4390,get_down
4391,get_down
4392,get_down
4393,get_down
4394,get_down
4395,get_down
4396,get_down
4397,get_down
4398,get_down
4399,get_down
4400,get_down
4401,get_down
4402,get_down
4403,get_down
4404,get_down
4405,get_down
4406,get_down
4407,get_down
4408,get_down
4409,get_down
4410,get_down
4411,get_down
4412,get_down
4413,get_down
4414,get_down
4415,get_down
4416,get_down
4417,get_down
4418,get_down
4419,get_down
4420,get_down
4421,get_down
4422,get_down
4423,get_down
4424,get_down
4425,get_down
4426,get_down
4427,get_down
4428,get_down
4429,get_down
4430,get_down
4431,get_down
4432,get_down
4433,get_down
4434,get_down
4435,get_down
4436,get_down
4437,get_down
4438,get_down
4439,get_down
4440,sitting
4441,sitting
4442,sitting
4443,sitting
4444,sitting
4445,sitting
4446,sitting
4447,sitting
4448,sitting
4449,sitting
4450,sitting
4451,sitting
4452,sitting
4453,sitting
4454,sitting
4455,sitting
4456,sitting
4457,sitting
4458,sitting
4459,sitting
4460,sitting
4461,sitting
4462,sitting
4463,sitting
4464,sitting
4465,sitting
4466,sitting
4467,sitting
4468,sitting
4469,sitting
4470,sitting
4471,sitting
4472,sitting
4473,sitting
4474,sitting
4475,sitting
4476,sitting
4477,sitting
4478,sitting
4479,sitting
4480,sitting
4481,sitting
4482,sitting
4483,sitting
4484,sitting
4485,sitting
4486,sitting
4487,sitting
4488,sitting
4489,sitting
4490,sitting
4491,sitting
4492,sitting
4493,sitting
4494,sitting
4495,sitting
4496,sitting
4497,sitting
4498,sitting
4499,sitting
4500,sitting
4501,sitting
4502,sitting
4503,sitting
4504,sitting
4505,sitting
4506,sitting
4507,sitting
4508,sitting
4509,sitting
4510,sitting
4511,sitting
4512,sitting
4513,sitting
4514,sitting
4515,sitting
4516,sitting
4517,sitting
4518,sitting
4519,sitting
4520,sitting
4521,sitting
4522,sitting
4523,sitting
4524,sitting
4525,sitting
4526,sitting
4527,sitting
4528,sitting
4529,sitting
4530,sitting
4531,sitting
4532,sitting
4533,sitting
4534,sitting
4535,sitting
4536,sitting
4537,sitting
4538,sitting
4539,sitting
4540,sitting
4541,sitting
4542,sitting
4543,sitting
4544,sitting
4545,sitting
4546,sitting
4547,sitting
4548,sitting
4549,sitting
4550,sitting
4551,sitting
4552,sitting
4553,sitting
4554,sitting
4555,sitting
4556,sitting
4557,sitting
4558,sitting
4559,sitting
4560,sitting
4561,sitting
4562,sitting
4563,sitting
4564,sitting
4565,sitting
4566,sitting
4567,sitting
4568,sitting
4569,sitting
4570,sitting
4571,sitting
4572,sitting
4573,sitting
4574,sitting
4575,sitting
4576,sitting
4577,sitting
4578,sitting
4579,sitting
4580,sitting
4581,sitting
4582,sitting
4583,sitting
4584,sitting
4585,sitting
4586,sitting
4587,sitting
4588,sitting
4589,sitting
4590,sitting
4591,sitting
4592,sitting
4593,sitting
4594,sitting
4595,sitting
4596,sitting
4597,sitting
4598,sitting
4599,sitting
4600,sitting
4601,sitting
4602,sitting
4603,sitting
4604,sitting
4605,sitting
4606,sitting
4607,sitting
4608,sitting
4609,sitting
4610,sitting
4611,sitting
4612,sitting
4613,sitting
4614,sitting
4615,sitting
4616,sitting
4617,sitting
4618,sitting
4619,sitting
4620,sitting
4621,sitting
4622,sitting
4623,sitting
4624,sitting
4625,sitting
4626,sitting
4627,sitting
4628,sitting
4629,sitting
4630,get_up
4631,get_up
4632,get_up
4633,get_up
4634,get_up
4635,get_up
4636,get_up
4637,get_up
4638,get_up
4639,get_up
4640,get_up
4641,get_up
4642,get_up
4643,get_up
4644,get_up
4645,get_up
4646,get_up
4647,get_up
4648,get_up
4649,get_up
4650,get_up
4651,get_up
4652,get_up
4653,get_up
4654,get_up
4655,get_up
4656,get_up
4657,get_up
4658,get_up
4659,get_up
4660,get_up
4661,get_up
4662,get_up
4663,get_up
4664,get_up
4665,get_up
4666,get_up
4667,get_up
4668,get_up
4669,get_up
4670,get_up
4671,get_up
4672,get_up
4673,get_up
4674,get_up
4675,get_up
4676,get_up
4677,get_up
4678,get_up
4679,get_up
4680,get_up
4681,get_up
4682,get_up
4683,get_up
4684,get_up
4685,get_up
4686,get_up
4687,get_up
4688,get_up
4689,get_up
4690,get_up
4691,get_up
4692,get_up
4693,get_up
4694,get_up
4695,get_up
4696,get_up
4697,get_up
4698,get_up
4699,get_up
4700,walking
4701,walking
4702,walking
4703,walking
4704,walking
4705,walking
4706,walking
4707,walking
4708,walking
4709,walking
4710,walking
4711,walking
4712,walking
4713,walking
4714,walking
4715,walking
4716,walking
4717,walking
4718,walking
4719,walking
4720,walking
4721,walking
4722,walking
4723,walking
4724,walking
4725,walking
4726,walking
4727,walking
4728,walking
4729,walking
4730,walking
4731,walking
4732,walking
4733,walking
4734,walking
4735,walking
4736,walking
4737,walking
4738,walking
4739,walking
4740,walking
4741,walking
4742,walking
4743,walking
4744,walking
4745,walking
4746,walking
4747,walking
4748,walking
4749,walking
4750,walking
4751,walking
4752,walking
4753,walking
4754,walking
4755,walking
4756,walking
4757,walking
4758,walking
4759,walking
4760,walking
4761,walking
4762,walking
4763,walking
4764,walking
4765,walking
4766,walking
4767,walking
4768,walking
4769,walking
4770,walking
4771,walking
4772,walking
4773,walking
4774,walking
4775,walking
4776,walking
4777,walking
4778,walking
4779,walking
4780,walking
4781,walking
4782,walking
4783,walking
4784,walking
4785,walking
4786,walking
4787,walking
4788,walking
4789,walking
4790,walking
4791,walking
4792,walking
4793,walking
4794,walking
4795,walking
4796,walking
4797,walking
4798,walking
4799,walking
4800,standing
4801,standing
4802,standing
4803,standing
4804,standing
4805,standing
4806,standing
4807,standing
4808,standing
4809,standing
4810,standing
4811,standing
4812,standing
4813,standing
4814,standing
4815,standing
4816,standing
4817,standing
4818,standing
4819,standing
4820,standing
4821,standing
4822,standing
4823,standing
4824,standing
4825,standing
4826,standing
4827,standing
4828,standing
4829,standing
4830,standing
4831,standing
4832,standing
4833,standing
4834,standing
4835,standing
4836,standing
4837,standing
4838,standing
4839,standing
4840,standing
4841,standing
4842,standing
4843,standing
4844,standing
4845,standing
4846,standing
4847,standing
4848,standing
4849,standing
4850,standing
4851,standing
4852,standing
4853,standing
4854,standing
4855,standing
4856,standing
4857,standing
4858,standing
4859,standing
4860,standing
4861,standing
4862,standing
4863,standing
4864,standing
4865,standing
4866,standing
4867,standing
4868,standing
4869,standing
4870,standing
4871,standing
4872,standing
4873,standing
4874,standing
4875,standing
4876,standing
4877,standing
4878,standing
4879,standing
4880,standing
4881,standing
4882,standing
4883,standing
4884,standing
4885,standing
4886,standing
4887,standing
4888,standing
4889,standing
4890,standing
4891,standing
4892,standing
4893,standing
4894,standing
4895,standing
4896,standing
4897,standing
4898,standing
4899,standing
4900,standing
4901,standing
4902,standing
4903,standing
4904,standing
4905,standing
4906,standing
4907,standing
4908,standing
4909,standing
4910,standing
4911,standing
4912,standing
4913,standing
4914,standing
4915,standing
4916,standing
4917,standing
4918,standing
4919,standing
4920,walking
4921,walking
4922,walking
4923,walking
4924,walking
4925,walking
4926,walking
4927,walking
4928,walking
4929,walking
4930,walking
4931,walking
4932,walking
4933,walking
4934,walking
4935,walking
4936,walking
4937,walking
4938,walking
4939,walking
4940,walking
4941,walking
4942,walking
4943,walking
4944,walking
4945,walking
4946,walking
4947,walking
4948,walking
4949,walking
4950,walking
4951,walking
4952,walking
4953,walking
4954,walking
4955,walking
4956,walking
4957,walking
4958,walking
4959,walking
4960,walking
4961,walking
4962,walking
4963,walking
4964,walking
4965,walking
4966,walking
4967,walking
4968,walking
4969,walking
4970,walking
4971,walking
4972,walking
4973,walking
4974,walking
4975,walking
4976,walking
4977,walking
4978,walking
4979,walking
4980,walking
4981,walking
4982,walking
4983,walking
4984,walking
4985,walking
4986,walking
4987,walking
4988,walking
4989,walking
4990,walking
4991,walking
4992,walking
4993,walking
4994,walking
4995,walking
4996,walking
4997,walking
4998,walking
4999,walking
5000,walking
5001,walking
5002,walking
5003,walking
5004,walking
5005,walking
5006,walking
5007,walking
5008,walking
5009,walking
5010,walking
5011,walking
5012,walking
5013,walking
5014,walking
5015,walking
5016,walking
5017,walking
5018,walking
5019,walking
5020,walking
5021,walking
5022,walking
5023,walking
5024,walking
5025,walking
5026,walking
5027,walking
5028,walking
5029,walking
5030,walking
5031,walking
5032,walking
5033,walking
5034,walking
5035,walking
5036,walking
5037,walking
5038,walking
5039,walking
5040,walking
5041,walking
5042,walking
5043,walking
5044,walking
5045,walking
5046,walking
5047,walking
5048,walking
5049,walking
5050,walking
5051,walking
5052,walking
5053,walking
5054,walking
5055,walking
5056,walking
5057,walking
5058,walking
5059,walking
5060,walking
5061,walking
5062,walking
5063,walking
5064,walking
5065,walking
5066,walking
5067,walking
5068,walking
5069,walking
5070,walking
5071,walking
5072,walking
5073,walking
5074,walking
5075,walking
5076,walking
5077,walking
5078,walking
5079,walking
5080,walking
5081,walking
5082,walking
5083,walking
5084,walking
5085,walking
5086,walking
5087,walking
5088,walking
5089,walking
5090,walking
5091,walking
5092,walking
5093,walking
5094,walking
5095,walking
5096,walking
5097,walking
5098,walking
5099,walking
5100,walking
5101,walking
5102,walking
5103,walking
5104,walking
5105,walking
5106,walking
5107,walking
5108,walking
5109,walking
5110,walking
5111,walking
5112,walking
5113,walking
5114,walking
5115,walking
5116,walking
5117,walking
5118,walking
5119,walking
5120,walking
5121,walking
5122,walking
5123,walking
5124,walking
5125,walking
5126,walking
5127,walking
5128,walking
5129,walking
5130,walking
5131,walking
5132,walking
5133,walking
5134,walking
5135,walking
5136,walking
5137,walking
5138,walking
5139,walking
5140,walking
5141,walking
5142,walking
5143,walking
5144,walking
5145,walking
5146,walking
5147,walking
5148,walking
5149,walking
5150,walking
5151,walking
5152,walking
5153,walking
5154,walking
5155,standing
5156,standing
5157,standing
5158,standing
5159,standing
5160,standing
5161,standing
5162,standing
5163,standing
5164,standing
5165,standing
5166,standing
5167,standing
5168,standing
5169,standing
5170,standing
5171,standing
5172,standing
5173,standing
5174,standing
5175,standing
5176,standing
5177,standing
5178,standing
5179,standing
5180,standing
5181,standing
5182,standing
5183,standing
5184,standing
5185,standing
5186,standing
5187,standing
5188,standing
5189,standing
5190,standing
5191,standing
5192,standing
5193,standing
5194,standing
5195,standing
5196,standing
5197,standing
5198,standing
5199,standing
5200,standing
5201,standing
5202,standing
5203,standing
5204,standing
5205,standing
5206,standing
5207,standing
5208,standing
5209,standing
5210,standing
5211,standing
5212,standing
5213,standing
5214,standing
5215,standing
5216,standing
5217,standing
5218,standing
5219,standing
5220,standing
5221,standing
5222,standing
5223,standing
5224,standing
5225,standing
5226,standing
5227,standing
5228,standing
